{
    "name": "root",
    "gauges": {
        "Hallway.Policy.Entropy.mean": {
            "value": 0.2988443672657013,
            "min": 0.06406961381435394,
            "max": 1.607607364654541,
            "count": 400
        },
        "Hallway.Policy.Entropy.sum": {
            "value": 3021.914306640625,
            "min": 644.7965698242188,
            "max": 16153.2392578125,
            "count": 400
        },
        "Hallway.Goal.Correct.mean": {
            "value": 0.4968421052631579,
            "min": 0.0,
            "max": 0.5,
            "count": 400
        },
        "Hallway.Goal.Correct.sum": {
            "value": 236.0,
            "min": 0.0,
            "max": 303.0,
            "count": 400
        },
        "Hallway.Goal.Wrong.mean": {
            "value": 0.012396694214876033,
            "min": 0.0,
            "max": 0.3931034482758621,
            "count": 400
        },
        "Hallway.Goal.Wrong.sum": {
            "value": 3.0,
            "min": 0.0,
            "max": 140.0,
            "count": 400
        },
        "Hallway.Step.mean": {
            "value": 3999957.0,
            "min": 9984.0,
            "max": 3999957.0,
            "count": 400
        },
        "Hallway.Step.sum": {
            "value": 3999957.0,
            "min": 9984.0,
            "max": 3999957.0,
            "count": 400
        },
        "Hallway.Policy.ExtrinsicValue.mean": {
            "value": 0.7171047329902649,
            "min": -0.14160944521427155,
            "max": 0.7478858828544617,
            "count": 400
        },
        "Hallway.Policy.ExtrinsicValue.sum": {
            "value": 176.4077606201172,
            "min": -22.515901565551758,
            "max": 199.2249298095703,
            "count": 400
        },
        "Hallway.Losses.PolicyLoss.mean": {
            "value": -0.6934294423127764,
            "min": -0.7440880491466595,
            "max": 0.0991923057786802,
            "count": 400
        },
        "Hallway.Losses.PolicyLoss.sum": {
            "value": -692.7360128704636,
            "min": -744.02725483902,
            "max": 69.6329986566335,
            "count": 400
        },
        "Hallway.Losses.ValueLoss.mean": {
            "value": 0.001318177518425737,
            "min": 8.181535233053841e-06,
            "max": 0.005951145205773557,
            "count": 400
        },
        "Hallway.Losses.ValueLoss.sum": {
            "value": 1.3168593409073113,
            "min": 0.008214261373986056,
            "max": 5.968998641390877,
            "count": 400
        },
        "Hallway.Losses.Q1Loss.mean": {
            "value": 0.0011375401763452496,
            "min": 2.713969609312046e-06,
            "max": 0.007024084365916805,
            "count": 400
        },
        "Hallway.Losses.Q1Loss.sum": {
            "value": 1.1364026361689044,
            "min": 0.0027248254877492942,
            "max": 4.9309072248735974,
            "count": 400
        },
        "Hallway.Losses.Q2Loss.mean": {
            "value": 0.0011700993153427855,
            "min": 2.2787245159057357e-06,
            "max": 0.007475775013468686,
            "count": 400
        },
        "Hallway.Losses.Q2Loss.sum": {
            "value": 1.1689292160274427,
            "min": 0.0022468223726830553,
            "max": 5.4069782091913545,
            "count": 400
        },
        "Hallway.Policy.DiscreteEntropyCoeff.mean": {
            "value": 0.0030549281652086616,
            "min": 6.837413078989661e-06,
            "max": 0.0736032830261973,
            "count": 400
        },
        "Hallway.Policy.DiscreteEntropyCoeff.sum": {
            "value": 3.051873237043453,
            "min": 0.006741689295883806,
            "max": 51.6695046843905,
            "count": 400
        },
        "Hallway.Policy.ContinuousEntropyCoeff.mean": {
            "value": 0.10000000149011612,
            "min": 0.10000000149011612,
            "max": 0.10000000149011612,
            "count": 400
        },
        "Hallway.Policy.ContinuousEntropyCoeff.sum": {
            "value": 99.900001488626,
            "min": 70.20000104606152,
            "max": 109.40000163018703,
            "count": 400
        },
        "Hallway.Policy.LearningRate.mean": {
            "value": 0.0010000000000000002,
            "min": 0.001,
            "max": 0.0010000000000000005,
            "count": 400
        },
        "Hallway.Policy.LearningRate.sum": {
            "value": 0.9990000000000003,
            "min": 0.7020000000000002,
            "max": 1.094,
            "count": 400
        },
        "Hallway.Environment.EpisodeLength.mean": {
            "value": 41.03781512605042,
            "min": 33.036184210526315,
            "max": 499.0,
            "count": 400
        },
        "Hallway.Environment.EpisodeLength.sum": {
            "value": 9767.0,
            "min": 5258.0,
            "max": 15968.0,
            "count": 400
        },
        "Hallway.Environment.CumulativeReward.mean": {
            "value": 0.9087731121968823,
            "min": -1.000000037252903,
            "max": 0.9337024214358478,
            "count": 400
        },
        "Hallway.Environment.CumulativeReward.sum": {
            "value": 216.28800070285797,
            "min": -31.000001154839993,
            "max": 282.9433336406946,
            "count": 400
        },
        "Hallway.Policy.ExtrinsicReward.mean": {
            "value": 0.9087731121968823,
            "min": -1.000000037252903,
            "max": 0.9337024214358478,
            "count": 400
        },
        "Hallway.Policy.ExtrinsicReward.sum": {
            "value": 216.28800070285797,
            "min": -31.000001154839993,
            "max": 282.9433336406946,
            "count": 400
        },
        "Hallway.IsTraining.mean": {
            "value": 1.0,
            "min": 1.0,
            "max": 1.0,
            "count": 400
        },
        "Hallway.IsTraining.sum": {
            "value": 1.0,
            "min": 1.0,
            "max": 1.0,
            "count": 400
        }
    },
    "metadata": {
        "timer_format_version": "0.1.0",
        "start_time_seconds": "1642278540",
        "python_version": "3.9.7 (default, Sep 16 2021, 13:09:58) \n[GCC 7.5.0]",
        "command_line_arguments": "/home/wojtek/anaconda3/envs/mlagents/bin/mlagents-learn /home/wojtek/Documents/PW/USD/sac/sac-hallway-hyperparams-kopia-5.txt --run-id=sac_5",
        "mlagents_version": "0.27.0",
        "mlagents_envs_version": "0.27.0",
        "communication_protocol_version": "1.5.0",
        "pytorch_version": "1.10.1",
        "numpy_version": "1.21.2",
        "end_time_seconds": "1642292692"
    },
    "total": 14147.184693592993,
    "count": 1,
    "self": 0.0057452209875918925,
    "children": {
        "run_training.setup": {
            "total": 0.022842537000542507,
            "count": 1,
            "self": 0.022842537000542507
        },
        "TrainerController.start_learning": {
            "total": 14147.156105835005,
            "count": 1,
            "self": 7.196430485244491,
            "children": {
                "TrainerController._reset_env": {
                    "total": 7.68002025099122,
                    "count": 1,
                    "self": 7.68002025099122
                },
                "TrainerController.advance": {
                    "total": 14132.185881267767,
                    "count": 312356,
                    "self": 5.874633964354871,
                    "children": {
                        "env_step": {
                            "total": 3527.1638489325123,
                            "count": 312356,
                            "self": 3078.6011275962956,
                            "children": {
                                "SubprocessEnvManager._take_step": {
                                    "total": 444.1638097247924,
                                    "count": 312356,