{
    "name": "root",
    "gauges": {
        "Hallway.Policy.Entropy.mean": {
            "value": 0.3058566451072693,
            "min": 0.0022975069005042315,
            "max": 1.605833649635315,
            "count": 400
        },
        "Hallway.Policy.Entropy.sum": {
            "value": 3034.097900390625,
            "min": 22.497188568115234,
            "max": 16135.416015625,
            "count": 400
        },
        "Hallway.Goal.Correct.mean": {
            "value": 0.4918032786885246,
            "min": 0.0,
            "max": 0.5,
            "count": 400
        },
        "Hallway.Goal.Correct.sum": {
            "value": 210.0,
            "min": 0.0,
            "max": 292.0,
            "count": 400
        },
        "Hallway.Goal.Wrong.mean": {
            "value": 0.02252252252252252,
            "min": 0.0,
            "max": 0.35732647814910024,
            "count": 400
        },
        "Hallway.Goal.Wrong.sum": {
            "value": 5.0,
            "min": 0.0,
            "max": 139.0,
            "count": 400
        },
        "Hallway.Step.mean": {
            "value": 3999972.0,
            "min": 9984.0,
            "max": 3999972.0,
            "count": 400
        },
        "Hallway.Step.sum": {
            "value": 3999972.0,
            "min": 9984.0,
            "max": 3999972.0,
            "count": 400
        },
        "Hallway.Policy.ExtrinsicValue.mean": {
            "value": 0.5933040976524353,
            "min": -0.35145214200019836,
            "max": 1.1351085901260376,
            "count": 400
        },
        "Hallway.Policy.ExtrinsicValue.sum": {
            "value": 148.91932678222656,
            "min": -56.23234176635742,
            "max": 197.48208618164062,
            "count": 400
        },
        "Hallway.Losses.PolicyLoss.mean": {
            "value": -0.5533643366828324,
            "min": -1.1178665584924221,
            "max": 0.3501305136796603,
            "count": 400
        },
        "Hallway.Losses.PolicyLoss.sum": {
            "value": -553.3643366828323,
            "min": -1168.522330043321,
            "max": 349.43025265230096,
            "count": 400
        },
        "Hallway.Losses.ValueLoss.mean": {
            "value": 0.0014031349158653721,
            "min": 1.5514646059876363e-06,
            "max": 0.014105536013713586,
            "count": 400
        },
        "Hallway.Losses.ValueLoss.sum": {
            "value": 1.403134915865372,
            "min": 0.0016600671284067708,
            "max": 14.133747085741014,
            "count": 400
        },
        "Hallway.Losses.Q1Loss.mean": {
            "value": 0.0012673033881343838,
            "min": 1.0171287817594257e-06,
            "max": 0.010272113798641534,
            "count": 400
        },
        "Hallway.Losses.Q1Loss.sum": {
            "value": 1.2673033881343838,
            "min": 0.000943895509472747,
            "max": 10.292658026238817,
            "count": 400
        },
        "Hallway.Losses.Q2Loss.mean": {
            "value": 0.0011719689558181954,
            "min": 8.863235740961835e-07,
            "max": 0.00897069149372971,
            "count": 400
        },
        "Hallway.Losses.Q2Loss.sum": {
            "value": 1.1719689558181954,
            "min": 0.0009483662242829163,
            "max": 8.988632876717169,
            "count": 400
        },
        "Hallway.Policy.DiscreteEntropyCoeff.mean": {
            "value": 0.002763142019571526,
            "min": 3.86750128569534e-08,
            "max": 0.0674827817153283,
            "count": 400
        },
        "Hallway.Policy.DiscreteEntropyCoeff.sum": {
            "value": 2.763142019571526,
            "min": 3.8713687869810354e-05,
            "max": 60.869469107226124,
            "count": 400
        },
        "Hallway.Policy.ContinuousEntropyCoeff.mean": {
            "value": 0.10000000149011612,
            "min": 0.10000000149011612,
            "max": 0.10000000149011612,
            "count": 400
        },
        "Hallway.Policy.ContinuousEntropyCoeff.sum": {
            "value": 100.00000149011612,
            "min": 90.20000134408474,
            "max": 108.6000016182661,
            "count": 400
        },
        "Hallway.Policy.LearningRate.mean": {
            "value": 0.0010000000000000005,
            "min": 0.001,
            "max": 0.0010000000000000005,
            "count": 400
        },
        "Hallway.Policy.LearningRate.sum": {
            "value": 1.0000000000000004,
            "min": 0.9020000000000004,
            "max": 1.086,
            "count": 400
        },
        "Hallway.Environment.EpisodeLength.mean": {
            "value": 48.41935483870968,
            "min": 33.17465753424658,
            "max": 499.0,
            "count": 400
        },
        "Hallway.Environment.EpisodeLength.sum": {
            "value": 10507.0,
            "min": 4413.0,
            "max": 15968.0,
            "count": 400
        },
        "Hallway.Environment.CumulativeReward.mean": {
            "value": 0.8688669759404222,
            "min": -1.0006833739578724,
            "max": 0.9325972248075737,
            "count": 400
        },
        "Hallway.Environment.CumulativeReward.sum": {
            "value": 189.41300075501204,
            "min": -31.99400119483471,
            "max": 270.39000102877617,
            "count": 400
        },
        "Hallway.Policy.ExtrinsicReward.mean": {
            "value": 0.8688669759404222,
            "min": -1.0006833739578724,
            "max": 0.9325972248075737,
            "count": 400
        },
        "Hallway.Policy.ExtrinsicReward.sum": {
            "value": 189.41300075501204,
            "min": -31.99400119483471,
            "max": 270.39000102877617,
            "count": 400
        },
        "Hallway.IsTraining.mean": {
            "value": 1.0,
            "min": 1.0,
            "max": 1.0,
            "count": 400
        },
        "Hallway.IsTraining.sum": {
            "value": 1.0,
            "min": 1.0,
            "max": 1.0,
            "count": 400
        }
    },
    "metadata": {
        "timer_format_version": "0.1.0",
        "start_time_seconds": "1642238994",
        "python_version": "3.9.7 (default, Sep 16 2021, 13:09:58) \n[GCC 7.5.0]",
        "command_line_arguments": "/home/wojtek/anaconda3/envs/mlagents/bin/mlagents-learn /home/wojtek/Documents/PW/USD/sac/sac-hallway-hyperparams-kopia-4.txt --run-id=sac_4",
        "mlagents_version": "0.27.0",
        "mlagents_envs_version": "0.27.0",
        "communication_protocol_version": "1.5.0",
        "pytorch_version": "1.10.1",
        "numpy_version": "1.21.2",
        "end_time_seconds": "1642253189"
    },
    "total": 14193.171444458,
    "count": 1,
    "self": 0.005946983001194894,
    "children": {
        "run_training.setup": {
            "total": 0.027541781004401855,
            "count": 1,
            "self": 0.027541781004401855
        },
        "TrainerController.start_learning": {
            "total": 14193.137955693994,
            "count": 1,
            "self": 6.563307925694971,
            "children": {
                "TrainerController._reset_env": {
                    "total": 16.67716549000761,
                    "count": 1,
                    "self": 16.67716549000761
                },
                "TrainerController.advance": {
                    "total": 14169.80298786929,
                    "count": 300337,
                    "self": 5.9663034072873415,
                    "children": {
                        "env_step": {
                            "total": 3514.7618933429912,
                            "count": 300337,
                            "self": 3063.7330353243306,
                            "children": {
                                "SubprocessEnvManager._take_step": {
                                    "total": 446.9970437390002,
                                    "count": 300337,