{
    "name": "root",
    "gauges": {
        "Hallway.Policy.Entropy.mean": {
            "value": 0.31285977363586426,
            "min": 0.06562572717666626,
            "max": 1.6077282428741455,
            "count": 400
        },
        "Hallway.Policy.Entropy.sum": {
            "value": 3093.557373046875,
            "min": 653.1072387695312,
            "max": 16154.453125,
            "count": 400
        },
        "Hallway.Goal.Correct.mean": {
            "value": 0.49772727272727274,
            "min": 0.0,
            "max": 0.5,
            "count": 400
        },
        "Hallway.Goal.Correct.sum": {
            "value": 219.0,
            "min": 0.0,
            "max": 240.0,
            "count": 400
        },
        "Hallway.Goal.Wrong.mean": {
            "value": 0.008968609865470852,
            "min": 0.0,
            "max": 0.36419753086419754,
            "count": 400
        },
        "Hallway.Goal.Wrong.sum": {
            "value": 2.0,
            "min": 0.0,
            "max": 87.0,
            "count": 400
        },
        "Hallway.Step.mean": {
            "value": 3999965.0,
            "min": 9984.0,
            "max": 3999965.0,
            "count": 400
        },
        "Hallway.Step.sum": {
            "value": 3999965.0,
            "min": 9984.0,
            "max": 3999965.0,
            "count": 400
        },
        "Hallway.Policy.ExtrinsicValue.mean": {
            "value": 0.7063485980033875,
            "min": -0.12300736457109451,
            "max": 1.9583683013916016,
            "count": 400
        },
        "Hallway.Policy.ExtrinsicValue.sum": {
            "value": 168.1109619140625,
            "min": -20.788244247436523,
            "max": 314.71307373046875,
            "count": 400
        },
        "Hallway.Losses.PolicyLoss.mean": {
            "value": -0.6771566187971948,
            "min": -1.9444654575059706,
            "max": 0.13888434647561046,
            "count": 400
        },
        "Hallway.Losses.PolicyLoss.sum": {
            "value": -676.4794621783976,
            "min": -1952.2433193359943,
            "max": 138.88434647561047,
            "count": 400
        },
        "Hallway.Losses.ValueLoss.mean": {
            "value": 0.0008399129567114493,
            "min": 2.6813040500790817e-06,
            "max": 0.004636800251087786,
            "count": 400
        },
        "Hallway.Losses.ValueLoss.sum": {
            "value": 0.8390730437547378,
            "min": 0.002694710570329477,
            "max": 4.182393826481183,
            "count": 400
        },
        "Hallway.Losses.Q1Loss.mean": {
            "value": 0.0010588039798685176,
            "min": 1.1722747627771702e-06,
            "max": 0.009470446995060887,
            "count": 400
        },
        "Hallway.Losses.Q1Loss.sum": {
            "value": 1.0577451758886491,
            "min": 0.0010655977593644478,
            "max": 8.54234318954492,
            "count": 400
        },
        "Hallway.Losses.Q2Loss.mean": {
            "value": 0.0011272448401233699,
            "min": 9.776880596776469e-07,
            "max": 0.013132082683191462,
            "count": 400
        },
        "Hallway.Losses.Q2Loss.sum": {
            "value": 1.1261175952832465,
            "min": 0.0009874649402744234,
            "max": 11.845138580238698,
            "count": 400
        },
        "Hallway.Policy.DiscreteEntropyCoeff.mean": {
            "value": 0.002782748509742476,
            "min": 1.3921940570784707e-05,
            "max": 0.08825487250067399,
            "count": 400
        },
        "Hallway.Policy.DiscreteEntropyCoeff.sum": {
            "value": 2.7799657612327335,
            "min": 0.0126550439788433,
            "max": 79.60589499560794,
            "count": 400
        },
        "Hallway.Policy.ContinuousEntropyCoeff.mean": {
            "value": 0.10000000149011612,
            "min": 0.10000000149011612,
            "max": 0.10000000149011612,
            "count": 400
        },
        "Hallway.Policy.ContinuousEntropyCoeff.sum": {
            "value": 99.900001488626,
            "min": 90.20000134408474,
            "max": 107.70000160485506,
            "count": 400
        },
        "Hallway.Policy.LearningRate.mean": {
            "value": 0.0003,
            "min": 0.0002999999999999999,
            "max": 0.00030000000000000003,
            "count": 400
        },
        "Hallway.Policy.LearningRate.sum": {
            "value": 0.29969999999999997,
            "min": 0.2706,
            "max": 0.3231,
            "count": 400
        },
        "Hallway.Environment.EpisodeLength.mean": {
            "value": 44.63470319634703,
            "min": 33.869257950530034,
            "max": 499.0,
            "count": 400
        },
        "Hallway.Environment.EpisodeLength.sum": {
            "value": 9775.0,
            "min": 7330.0,
            "max": 15968.0,
            "count": 400
        },
        "Hallway.Environment.CumulativeReward.mean": {
            "value": 0.9006849331398533,
            "min": -1.000000037252903,
            "max": 0.9193274343831349,
            "count": 400
        },
        "Hallway.Environment.CumulativeReward.sum": {
            "value": 197.25000035762787,
            "min": -31.000001154839993,
            "max": 218.49000078439713,
            "count": 400
        },
        "Hallway.Policy.ExtrinsicReward.mean": {
            "value": 0.9006849331398533,
            "min": -1.000000037252903,
            "max": 0.9193274343831349,
            "count": 400
        },
        "Hallway.Policy.ExtrinsicReward.sum": {
            "value": 197.25000035762787,
            "min": -31.000001154839993,
            "max": 218.49000078439713,
            "count": 400
        },
        "Hallway.IsTraining.mean": {
            "value": 1.0,
            "min": 1.0,
            "max": 1.0,
            "count": 400
        },
        "Hallway.IsTraining.sum": {
            "value": 1.0,
            "min": 1.0,
            "max": 1.0,
            "count": 400
        }
    },
    "metadata": {
        "timer_format_version": "0.1.0",
        "start_time_seconds": "1642486934",
        "python_version": "3.9.7 (default, Sep 16 2021, 13:09:58) \n[GCC 7.5.0]",
        "command_line_arguments": "/home/wojtek/anaconda3/envs/mlagents/bin/mlagents-learn /home/wojtek/Documents/PW/USD/sac/sac-hallway-hyperparams-kopia-10.txt --run-id=sac_10",
        "mlagents_version": "0.27.0",
        "mlagents_envs_version": "0.27.0",
        "communication_protocol_version": "1.5.0",
        "pytorch_version": "1.10.1",
        "numpy_version": "1.21.2",
        "end_time_seconds": "1642501028"
    },
    "total": 14092.05647670204,
    "count": 1,
    "self": 0.006236001965589821,
    "children": {
        "run_training.setup": {
            "total": 0.01848524803062901,
            "count": 1,
            "self": 0.01848524803062901
        },
        "TrainerController.start_learning": {
            "total": 14092.031755452044,
            "count": 1,
            "self": 6.34046797681367,
            "children": {
                "TrainerController._reset_env": {
                    "total": 6.71856436599046,
                    "count": 1,
                    "self": 6.71856436599046
                },
                "TrainerController.advance": {
                    "total": 14078.879000964283,
                    "count": 296711,
                    "self": 5.602021298836917,
                    "children": {
                        "env_step": {
                            "total": 3477.39384209743,
                            "count": 296711,
                            "self": 3033.4790604877635,
                            "children": {
                                "SubprocessEnvManager._take_step": {
                                    "total": 439.9539404961397,
                                    "count": 296711,