{
    "name": "root",
    "gauges": {
        "Hallway.Policy.Entropy.mean": {
            "value": 0.015580559149384499,
            "min": 0.008936749771237373,
            "max": 1.6038256883621216,
            "count": 1000
        },
        "Hallway.Policy.Entropy.sum": {
            "value": 154.55914306640625,
            "min": 89.2245101928711,
            "max": 16115.240234375,
            "count": 1000
        },
        "Hallway.Goal.Correct.mean": {
            "value": 0.49504950495049505,
            "min": 0.0,
            "max": 0.5,
            "count": 1000
        },
        "Hallway.Goal.Correct.sum": {
            "value": 350.0,
            "min": 0.0,
            "max": 356.0,
            "count": 1000
        },
        "Hallway.Goal.Wrong.mean": {
            "value": 0.019230769230769232,
            "min": 0.0,
            "max": 0.3715415019762846,
            "count": 1000
        },
        "Hallway.Goal.Wrong.sum": {
            "value": 7.0,
            "min": 0.0,
            "max": 122.0,
            "count": 1000
        },
        "Hallway.Step.mean": {
            "value": 9999985.0,
            "min": 9938.0,
            "max": 9999985.0,
            "count": 1000
        },
        "Hallway.Step.sum": {
            "value": 9999985.0,
            "min": 9938.0,
            "max": 9999985.0,
            "count": 1000
        },
        "Hallway.Policy.ExtrinsicValueEstimate.mean": {
            "value": 0.84087073802948,
            "min": -0.23984672129154205,
            "max": 0.8453502655029297,
            "count": 1000
        },
        "Hallway.Policy.ExtrinsicValueEstimate.sum": {
            "value": 285.89605712890625,
            "min": -39.09501647949219,
            "max": 294.181884765625,
            "count": 1000
        },
        "Hallway.Losses.PolicyLoss.mean": {
            "value": 0.493036285007787,
            "min": 0.09169237766828801,
            "max": 0.5488963691477087,
            "count": 1000
        },
        "Hallway.Losses.PolicyLoss.sum": {
            "value": 9.367689415147954,
            "min": 0.550154266009728,
            "max": 10.977927382954173,
            "count": 1000
        },
        "Hallway.Losses.ValueLoss.mean": {
            "value": 0.0004766314688953797,
            "min": 8.66558816936007e-07,
            "max": 0.03443085075347578,
            "count": 1000
        },
        "Hallway.Losses.ValueLoss.sum": {
            "value": 0.009055997909012214,
            "min": 6.932470535488056e-06,
            "max": 0.5508936120556125,
            "count": 1000
        },
        "Hallway.Policy.LearningRate.mean": {
            "value": 1.4958525817205108e-06,
            "min": 1.4958525817205108e-06,
            "max": 0.0029982936000568805,
            "count": 1000
        },
        "Hallway.Policy.LearningRate.sum": {
            "value": 2.8421199052689704e-05,
            "min": 2.8421199052689704e-05,
            "max": 0.04236757058774765,
            "count": 1000
        },
        "Hallway.Policy.Epsilon.mean": {
            "value": 0.10000000000000003,
            "min": 0.09999999999999999,
            "max": 0.10000000000000005,
            "count": 1000
        },
        "Hallway.Policy.Epsilon.sum": {
            "value": 1.9000000000000006,
            "min": 0.5,
            "max": 2.1000000000000005,
            "count": 1000
        },
        "Hallway.Policy.Beta.mean": {
            "value": 2.4952540473684058e-05,
            "min": 2.4952540473684058e-05,
            "max": 0.029982941687999996,
            "count": 1000
        },
        "Hallway.Policy.Beta.sum": {
            "value": 0.0004740982689999971,
            "min": 0.0004740982689999971,
            "max": 0.423684479765,
            "count": 1000
        },
        "Hallway.Environment.EpisodeLength.mean": {
            "value": 28.391176470588235,
            "min": 27.74137931034483,
            "max": 499.0,
            "count": 1000
        },
        "Hallway.Environment.EpisodeLength.sum": {
            "value": 9653.0,
            "min": 7938.0,
            "max": 15968.0,
            "count": 1000
        },
        "Hallway.Environment.CumulativeReward.mean": {
            "value": 0.9431647067560869,
            "min": -0.9999583708122373,
            "max": 0.9445747106239714,
            "count": 1000
        },
        "Hallway.Environment.CumulativeReward.sum": {
            "value": 320.67600029706955,
            "min": -31.998667865991592,
            "max": 328.71199929714203,
            "count": 1000
        },
        "Hallway.Policy.ExtrinsicReward.mean": {
            "value": 0.9431647067560869,
            "min": -0.9999583708122373,
            "max": 0.9445747106239714,
            "count": 1000
        },
        "Hallway.Policy.ExtrinsicReward.sum": {
            "value": 320.67600029706955,
            "min": -31.998667865991592,
            "max": 328.71199929714203,
            "count": 1000
        },
        "Hallway.IsTraining.mean": {
            "value": 1.0,
            "min": 1.0,
            "max": 1.0,
            "count": 1000
        },
        "Hallway.IsTraining.sum": {
            "value": 1.0,
            "min": 1.0,
            "max": 1.0,
            "count": 1000
        }
    },
    "metadata": {
        "timer_format_version": "0.1.0",
        "start_time_seconds": "1642596976",
        "python_version": "3.9.7 (default, Sep 16 2021, 13:09:58) \n[GCC 7.5.0]",
        "command_line_arguments": "/home/wojtek/anaconda3/envs/mlagents/bin/mlagents-learn /home/wojtek/Documents/PW/USD/ppo/ppo-resnet-1.yaml --run-id=ppo_resnet_1",
        "mlagents_version": "0.27.0",
        "mlagents_envs_version": "0.27.0",
        "communication_protocol_version": "1.5.0",
        "pytorch_version": "1.10.1",
        "numpy_version": "1.21.2",
        "end_time_seconds": "1642610948"
    },
    "total": 13968.697963945975,
    "count": 1,
    "self": 0.005332995031494647,
    "children": {
        "run_training.setup": {
            "total": 0.02159916196251288,
            "count": 1,
            "self": 0.02159916196251288
        },
        "TrainerController.start_learning": {
            "total": 13968.671031788981,
            "count": 1,
            "self": 18.193170617043506,
            "children": {
                "TrainerController._reset_env": {
                    "total": 7.14688950398704,
                    "count": 1,
                    "self": 7.14688950398704
                },
                "TrainerController.advance": {
                    "total": 13943.252848247997,
                    "count": 841831,
                    "self": 15.70385577599518,
                    "children": {
                        "env_step": {
                            "total": 8906.452196747065,
                            "count": 841831,
                            "self": 7830.8602301940555,
                            "children": {
                                "SubprocessEnvManager._take_step": {
                                    "total": 1065.4030776632717,
                                    "count": 841831,
                                    "self": 46.16897146013798,
                                    "children": {
                                        "TorchPolicy.evaluate": {
                                            "total": 1019.2341062031337,
                                            "count": 625015,
                                            "self": 333.52639704040485,
                                            "children": {
                                                "TorchPolicy.sample_actions": {
                                                    "total": 685.7077091627289,
                                                    "count": 625015,